BEGIN;

INSERT INTO "agent_services" ("id", "silo_id", "kind", "name", "workload_profile", "updated_at")
VALUES ('snapshot-service', 'silo-snapshot', 'managed', 'Snapshot test', 'managed-agent', clock_timestamp());
INSERT INTO "agent_revisions" ("id", "agent_service_id", "revision", "state", "digest", "prompt_policy_version", "model_policy_id", "budget", "authored_by")
VALUES ('snapshot-revision', 'snapshot-service', 1, 'draft', 'sha256:' || repeat('a', 64), 'prompt-v1', 'model-v1', '{}', 'user-snapshot');
UPDATE "agent_revisions" SET "state" = 'published', "published_at" = clock_timestamp() WHERE "id" = 'snapshot-revision';
UPDATE "agent_services" SET "state" = 'active', "active_revision_id" = 'snapshot-revision' WHERE "id" = 'snapshot-service';
INSERT INTO "conversation_threads" ("id", "silo_id", "agent_service_id", "updated_at") VALUES
    ('snapshot-thread', 'silo-snapshot', 'snapshot-service', clock_timestamp()),
    ('missing-thread', 'silo-snapshot', 'snapshot-service', clock_timestamp()),
    ('run-thread', 'silo-snapshot', 'snapshot-service', clock_timestamp());

INSERT INTO "agent_runs" ("id", "silo_id", "agent_service_id", "agent_revision_id", "thread_id", "trigger", "request_idempotency_key", "root_run_id", "effective_contract_digest", "input_snapshot_digest")
VALUES ('snapshot-run', 'silo-snapshot', 'snapshot-service', 'snapshot-revision', 'snapshot-thread', 'interactive', 'snapshot-request', 'snapshot-run', 'sha256:' || repeat('b', 64), 'sha256:' || repeat('c', 64));
INSERT INTO "run_input_snapshots" ("run_id", "snapshot_version", "silo_id", "agent_service_id", "agent_revision_id", "effective_contract_digest", "thread_id", "memory_facts", "identity_snapshot", "model_route", "memory_query_policy", "budget_policy", "capability_set_digest", "prompt_compiler_version", "input_digest")
VALUES ('snapshot-run', 1, 'silo-snapshot', 'snapshot-service', 'snapshot-revision', 'sha256:' || repeat('b', 64), 'snapshot-thread', '[]', '{}', '{}', '{}', '{}', 'sha256:' || repeat('d', 64), 'prompt-v1', 'sha256:' || repeat('c', 64));
INSERT INTO "agent_runs" ("id", "silo_id", "agent_service_id", "agent_revision_id", "thread_id", "trigger", "request_idempotency_key", "root_run_id", "effective_contract_digest", "input_snapshot_digest")
VALUES ('snapshot-scheduled-run', 'silo-snapshot', 'snapshot-service', 'snapshot-revision', NULL, 'schedule', 'snapshot-scheduled-request', 'snapshot-scheduled-run', 'sha256:' || repeat('e', 64), 'sha256:' || repeat('f', 64));
INSERT INTO "run_input_snapshots" ("run_id", "snapshot_version", "silo_id", "agent_service_id", "agent_revision_id", "effective_contract_digest", "thread_id", "memory_facts", "identity_snapshot", "model_route", "memory_query_policy", "budget_policy", "capability_set_digest", "prompt_compiler_version", "input_digest")
VALUES ('snapshot-scheduled-run', 1, 'silo-snapshot', 'snapshot-service', 'snapshot-revision', 'sha256:' || repeat('e', 64), NULL, '[]', '{}', '{}', '{}', '{}', 'sha256:' || repeat('1', 64), 'prompt-v1', 'sha256:' || repeat('f', 64));
SET CONSTRAINTS ALL IMMEDIATE;
DO $$
BEGIN
    IF NOT EXISTS (SELECT 1 FROM "run_input_snapshots" WHERE "run_id" = 'snapshot-scheduled-run' AND "thread_id" IS NULL) THEN
        RAISE EXCEPTION 'FAIL: a non-conversational run did not preserve its null thread binding';
    END IF;
    RAISE NOTICE 'PASS: a non-conversational run can bind a null thread to its immutable snapshot';
END;
$$;
SET CONSTRAINTS ALL DEFERRED;
DO $$
DECLARE
    actual_message TEXT;
BEGIN
    BEGIN
        INSERT INTO "agent_runs" ("id", "silo_id", "agent_service_id", "agent_revision_id", "thread_id", "trigger", "request_idempotency_key", "root_run_id", "effective_contract_digest", "input_snapshot_digest")
        VALUES ('snapshot-missing', 'silo-snapshot', 'snapshot-service', 'snapshot-revision', 'missing-thread', 'interactive', 'snapshot-missing-request', 'snapshot-missing', 'sha256:' || repeat('e', 64), 'sha256:' || repeat('f', 64));
        SET CONSTRAINTS agent_runs_input_snapshot_complete IMMEDIATE;
    EXCEPTION WHEN foreign_key_violation THEN
        GET STACKED DIAGNOSTICS actual_message = MESSAGE_TEXT;
        IF strpos(actual_message, 'AgentRun requires its exact immutable RunInputSnapshot') = 0 THEN RAISE EXCEPTION 'FAIL: expected run completeness rejection, got %', actual_message; END IF;
        RAISE NOTICE 'PASS: a committed AgentRun requires its unique immutable input snapshot';
        SET CONSTRAINTS ALL DEFERRED;
        RETURN;
    END;
    RAISE EXCEPTION 'FAIL: a committed AgentRun unexpectedly succeeded without a snapshot';
END;
$$;
SET CONSTRAINTS ALL DEFERRED;
DO $$
DECLARE
    actual_message TEXT;
BEGIN
    BEGIN
        INSERT INTO "agent_runs" ("id", "silo_id", "agent_service_id", "agent_revision_id", "thread_id", "trigger", "request_idempotency_key", "root_run_id", "effective_contract_digest", "input_snapshot_digest")
        VALUES ('snapshot-mismatch', 'silo-snapshot', 'snapshot-service', 'snapshot-revision', 'run-thread', 'interactive', 'snapshot-mismatch-request', 'snapshot-mismatch', 'sha256:' || repeat('1', 64), 'sha256:' || repeat('2', 64));
        INSERT INTO "run_input_snapshots" ("run_id", "snapshot_version", "silo_id", "agent_service_id", "agent_revision_id", "effective_contract_digest", "thread_id", "memory_facts", "identity_snapshot", "model_route", "memory_query_policy", "budget_policy", "capability_set_digest", "prompt_compiler_version", "input_digest")
        VALUES ('snapshot-mismatch', 1, 'silo-snapshot', 'snapshot-service', 'snapshot-revision', 'sha256:' || repeat('1', 64), 'snapshot-thread', '[]', '{}', '{}', '{}', '{}', 'sha256:' || repeat('3', 64), 'prompt-v1', 'sha256:' || repeat('2', 64));
        SET CONSTRAINTS run_input_snapshots_run_binding IMMEDIATE;
    EXCEPTION WHEN foreign_key_violation THEN
        GET STACKED DIAGNOSTICS actual_message = MESSAGE_TEXT;
        IF strpos(actual_message, 'RunInputSnapshot must bind the exact AgentRun thread and authority') = 0 THEN RAISE EXCEPTION 'FAIL: expected snapshot run-binding rejection, got %', actual_message; END IF;
        RAISE NOTICE 'PASS: an input snapshot must bind the exact admitted run thread';
        SET CONSTRAINTS ALL DEFERRED;
        RETURN;
    END;
RAISE EXCEPTION 'FAIL: a mismatched snapshot thread unexpectedly succeeded';
END;
$$;
SET CONSTRAINTS ALL DEFERRED;
DO $$
DECLARE
    actual_message TEXT;
BEGIN
    BEGIN
        INSERT INTO "agent_runs" ("id", "silo_id", "agent_service_id", "agent_revision_id", "thread_id", "trigger", "request_idempotency_key", "root_run_id", "effective_contract_digest", "input_snapshot_digest")
        VALUES ('snapshot-null-mismatch', 'silo-snapshot', 'snapshot-service', 'snapshot-revision', NULL, 'schedule', 'snapshot-null-mismatch-request', 'snapshot-null-mismatch', 'sha256:' || repeat('e', 64), 'sha256:' || repeat('7', 64));
        INSERT INTO "run_input_snapshots" ("run_id", "snapshot_version", "silo_id", "agent_service_id", "agent_revision_id", "effective_contract_digest", "thread_id", "memory_facts", "identity_snapshot", "model_route", "memory_query_policy", "budget_policy", "capability_set_digest", "prompt_compiler_version", "input_digest")
        VALUES ('snapshot-null-mismatch', 1, 'silo-snapshot', 'snapshot-service', 'snapshot-revision', 'sha256:' || repeat('e', 64), 'snapshot-thread', '[]', '{}', '{}', '{}', '{}', 'sha256:' || repeat('8', 64), 'prompt-v1', 'sha256:' || repeat('7', 64));
        SET CONSTRAINTS run_input_snapshots_run_binding IMMEDIATE;
    EXCEPTION WHEN foreign_key_violation THEN
        GET STACKED DIAGNOSTICS actual_message = MESSAGE_TEXT;
        IF strpos(actual_message, 'RunInputSnapshot must bind the exact AgentRun thread and authority') = 0 THEN RAISE EXCEPTION 'FAIL: expected null-safe snapshot run-binding rejection, got %', actual_message; END IF;
        RAISE NOTICE 'PASS: a null-thread run cannot bind a threaded snapshot';
        SET CONSTRAINTS ALL DEFERRED;
        RETURN;
    END;
    RAISE EXCEPTION 'FAIL: a null-thread run unexpectedly accepted a threaded snapshot';
END;
$$;

ROLLBACK;
